"County","state","mortality_rate","number_death","cancer_incidence","number_cases","population_2015","age","income","poverty","high_unemployment","medicare","white","black","asian","group","paired1","paired2"
"Fulton County, Pennsylvania","Pennsylvania",177.5,34,458.9,88,14629,43.2,48084,13.3,1,17.9,97.01238601,1.429154757,0.142915476,1,34.6508488757536,22.9388211458557
"Liberty County, Georgia","Georgia",170.3,65,425.5,185,62467,27.6,41682,17.2,1,14.9,48.08232573,40.49389231,2.211805609,2,41.2547077052295,71.9699873105304
"Gallatin County, Illinois","Illinois",213.6,18,492.5,41,5265,45.1,41045,17.5,1,27.5,96.86165274,0.389972145,0.464252553,3,65.4068746138364,23.7570265043064
"Skamania County, Washington","Washington",188.3,26,398.9,55,11339,45.2,52673,12.6,1,20.5,93.41812683,0.844970204,0.978386552,2,6.26667940523475,69.6184107578736
"Wexford County, Michigan","Michigan",199.2,84,528.4,212,33003,41.7,39807,19,1,21.7,96.22606943,0.644255137,0.625935086,1,87.1808791067451,127.349709053758
"Pepin County, Wisconsin","Wisconsin",163.1,18,387.6,39,7290,45.2,53828,12.1,0,15.7,98.11448725,0.352685838,0.244167119,2,27.1685167681426,36.094097294597
"Swisher County, Texas","Texas",133.2,15,374.1,37,7533,36.1,37527,20.9,1,25.3,83.76766498,6.365875794,0.350058343,3,61.0930982045829,56.8343090079594
"Ellis County, Oklahoma","Oklahoma",186.6,12,415.5,24,4231,44.3,52032,12,1,18,94.34603252,0.024265955,0.509585052,2,91.4301888085902,71.9327559122514
"Gosper County, Nebraska","Nebraska",187.4,6,445.3,14,1973,46.7,55319,9.1,1,10.7,97.01417004,0,0,2,84.1809525620192,25.1842133189204
"Shelby County, Ohio","Ohio",167.3,92,405,217,48901,38.9,50774,10.7,1,14,94.51362423,2.604601871,0.71942446,1,19.0223839366809,-94.2535660602461
"Kewaunee County, Wisconsin","Wisconsin",126.7,37,422,112,20366,43.5,56160,8.9,0,13.9,97.10491627,0.31245423,0.390567788,2,78.0698421876878,85.1696934688951
"Anne Arundel County, Maryland","Maryland",176,977,468.1,2676,564195,38.4,86654,6.7,1,10.9,74.72536378,15.87127215,3.57153148,2,96.9471060903743,99.7732181327309
"Rock County, Nebraska","Nebraska",187.3,4,502.1,11,1381,52,46051,15,0,11.4,95.64596717,0.713775874,0.214132762,1,84.0566270519048,172.047797847127
"McDuffie County, Georgia","Georgia",219.5,53,467.6,116,21540,38.2,37413,27.6,1,21.3,56.31081457,41.81262163,0.05560189,1,56.3889607321471,16.3945091994672
"Cumberland County, North Carolina","North Carolina",186.1,501,450.8,1248,323838,31.1,42582,17.6,1,19.2,51.90987144,36.21777987,2.405707895,2,13.7773346621543,45.7372015618359
"Ventura County, California","California",146.1,1234,432.7,3629,850536,37.1,74967,11.5,1,17.1,78.82112144,1.791437777,7.077267424,2,11.7247632239014,25.9588580736221
"Boone County, Indiana","Indiana",187.2,110,429.3,254,63344,38.8,68352,7.2,0,8.9,94.44894317,1.239444068,2.26074598,1,9.25015569664538,-1.72055444156552
"Camden County, Missouri","Missouri",152.7,107,399.4,279,44237,49.8,44410,17.5,1,19.7,96.46914199,0.507660437,0.703439798,3,62.5582441221923,110.858544539029
"Greene County, Missouri","Missouri",173.6,552,434.6,1333,288072,35.6,40386,20.6,1,15.9,91.03797236,3.142235687,1.769736517,2,6.1506143771112,97.9125360018422
"Ripley County, Missouri","Missouri",236,46,455,87,13802,41.6,30019,25.1,1,28.6,96.44031451,0.235882773,0.057183703,3,99.9052034225315,162.351808105374
"Cumberland County, Kentucky","Kentucky",185.7,19,562.7,53,6759,44.8,29067,27.8,1,26.1,94.84354341,2.967533421,0.264433671,3,84.3380613951012,102.214484498088
"Bollinger County, Missouri","Missouri",190.4,31,468.7,74,12182,43.1,39033,20.1,0,23.3,97.83101327,0.242797022,0.679831661,2,43.798471102491,21.3950779181978
"Faribault County, Minnesota","Minnesota",158.9,40,453.5494221,1962.667684,14050,46.7,48163,13.5,0,18.6,97.65987351,0.358397751,0.414617006,3,64.141184440814,-6.39954888184002
"Carroll County, Maryland","Maryland",171.1,326,456.2,862,167627,42.2,84500,5.9,0,9.8,92.69248226,3.253027878,1.688922864,1,85.2508107665926,82.4252485007361
"Colleton County, South Carolina","South Carolina",211.7,105,459,225,37731,41.7,35558,23,1,29,57.7570782,38.38543311,0.036838228,1,54.2655697092414,66.4454437989891
"Perry County, Mississippi","Mississippi",202.6,28,492.4,69,12277,40.1,32459,22.6,1,24.1,77.46779355,21.31779765,0.073849184,3,41.6590205160901,-11.5572907998864
"East Baton Rouge Parish, Louisiana","Louisiana",178.8,759,487.1,2082,446753,33.2,46831,18.4,1,19,48.64130068,45.53374261,3.206278531,1,63.6049549793825,25.4774882570519
"Whiteside County, Illinois","Illinois",190.9,156,475.2,367,57079,42.7,49895,12.2,1,21.7,92.41373316,1.787049109,0.596262495,3,61.8727171560749,75.8168353039247
"Monmouth County, New Jersey","New Jersey",168.6,1269,529.6,3887,628715,42.3,87220,8.2,1,10.7,82.60289104,7.286251262,5.283819544,1,72.8893106337637,77.2355014992276
"Osceola County, Iowa","Iowa",162,17,432.9,39,6154,44.5,51423,9.1,0,14.6,95.5240702,0.402511673,0.257607471,2,17.3160643549636,18.1610469411255
"Rush County, Indiana","Indiana",222,48,480.1,102,16672,41.3,47418,14.4,1,17,97.18086046,0.924018598,0.229533282,2,64.0309703769162,62.5676925683422
"Mason County, Kentucky","Kentucky",248.1,53,578.9,121,17099,41.1,40260,18.6,1,20.8,89.8993987,6.805041628,0.300647549,1,70.1405781321228,102.654341872096
"Finney County, Kansas","Kansas",150.1,43,453.5494221,1962.667684,37118,30.4,48609,18.8,0,17.7,75.70624512,2.326771335,4.044919613,3,54.0455638663843,7.66268825231604
"Benewah County, Idaho","Idaho",222.2,28,468.9,61,9052,45.4,46277,15.7,1,20.9,86.78477113,0.473151408,0.539172535,3,71.875616395846,84.4263066521103
"Clarion County, Pennsylvania","Pennsylvania",179.4,92,495.4,248,39498,40.3,43202,15.1,1,16.8,96.87484159,1.183656917,0.615907132,1,36.5384442731738,87.3767787671768
"Nelson County, Kentucky","Kentucky",185.4,85,551.5,252,45126,37.9,54540,12.7,1,19.8,91.66816264,5.244143255,0.298447177,2,48.3409689506516,109.141987182737
"Kandiyohi County, Minnesota","Minnesota",147.5,85,453.5494221,1962.667684,42542,39.9,57405,11.5,0,19.3,90.42738667,2.916784469,0.652624635,3,72.1906135324389,100.884192206259
"Franklin County, Nebraska","Nebraska",119.2,7,339.4,18,2985,49.9,44794,13.6,0,17.7,98.13204509,0.128824477,0.193236715,1,42.9824430029839,72.4469882217202
"Modoc County, California","California",160.8,24,408.6,57,8965,47.8,39172,20.2,1,28.4,90.17857143,0.511759582,1.088850174,3,78.0140403658152,86.4938523014661
"Beaufort County, South Carolina","South Carolina",146.9,352,442.1,1000,179589,42.8,55427,12.9,1,16.8,73.64076537,18.61159725,1.198809941,1,45.619877637364,42.3897726051346
"Beaufort County, North Carolina","North Carolina",194,130,524.2,345,47651,44.9,40357,18.8,1,21.9,70.06581022,26.43762747,0.088307647,1,2.7845507953316,-57.544967531707
"Woods County, Oklahoma","Oklahoma",125.3,14,452.6,48,9304,33.9,48831,14.3,0,12.1,89.73762869,3.21045057,0.708513229,3,8.96712313406169,35.9517861175438
"Skagit County, Washington","Washington",172.7,269,499.3,740,121846,41,51395,15.7,1,20.2,85.59027341,0.806079954,1.887835902,3,5.82462518941611,-19.8139138810295
"Iberville Parish, Louisiana","Louisiana",225.1,80,586.2,211,33095,38.4,47377,19.9,1,21.3,49.54106353,48.14770231,0.06018839,1,76.7118346644565,91.250525051829
"Jackson County, Oregon","Oregon",172.4,509,441.7,1208,212567,42.8,44835,18.1,1,24.4,91.66838642,0.7352553,1.038572107,3,28.5984399495646,-25.1736874253229
"Elbert County, Colorado","Colorado",148.3,32,410.8,102,24735,45.1,83603,5.9,1,10.8,95.27562356,0.528191155,0.838398659,1,62.8009365638718,22.1189205284987
"Piscataquis County, Maine","Maine",194,53,478.1,128,16931,49.8,36994,20.3,1,25.8,96.57262765,0.37304733,0.466309163,2,65.5762834707275,55.90106712042
"Summit County, Utah","Utah",123.6,32,432.7,142,39633,38.2,92560,6.8,0,6.8,94.90148231,0.532177254,1.954777913,3,0.814228970557451,-5.63753342968761
"Lawrence County, Illinois","Illinois",174,38,460,96,16491,40.7,41759,18.1,1,24.8,75.91359136,20.56405641,0.108010801,1,30.0832996610552,-30.7964903391334
"Itasca County, Minnesota","Minnesota",177.7,123,453.5494221,1962.667684,45435,45.9,48525,14.7,1,18.9,93.05904661,0.489482736,0.390263262,1,87.7562275156379,121.024432036636
"Logan County, Illinois","Illinois",189.5,76,505.7,187,29494,39.7,54353,12.6,1,17.8,79.20616905,11.76058219,0.881292562,2,27.0524374675006,105.162067531183
"Amite County, Mississippi","Mississippi",171.8,33,425.1,78,12574,45.3,30668,23.2,1,30.3,57.59345794,42.18068536,0.093457944,1,21.7882576631382,45.4777318106147
"White County, Georgia","Georgia",144.6,54,469,169,28319,43.9,42126,16.9,1,17.9,94.2859199,2.727501709,0.302256126,3,49.8379172058776,80.9414976580579
"Edgefield County, South Carolina","South Carolina",157.8,48,399.8,123,26514,42.1,44129,17.5,1,19.2,59.0455679,36.63190509,0.343837376,3,4.24272352829576,22.5746311280431
"New Castle County, Delaware","Delaware",177.2,1022,485.9,2780,556779,37.5,64632,12.3,1,17,65.46940469,24.20098136,5.044183224,2,25.9519825922325,38.5588831684293
"Jackson County, Michigan","Michigan",193.8,372,473.5,883,159494,40.5,46670,15.4,1,19.9,87.54624153,8.525341295,0.664125339,2,99.3561519309878,62.4092775795325
"Sevier County, Tennessee","Tennessee",185.2,210,493.9,549,95946,42.2,39905,17.7,1,21.2,94.51808966,0.660136514,1.189954816,1,36.1621490679681,-63.2527796968063
"Brooke County, West Virginia","West Virginia",186.2,69,481.6,164,23350,45.9,43572,15.1,1,19.4,96.81808578,1.745193323,0.515529263,2,32.9905590275303,33.4588396727313
"Robertson County, Tennessee","Tennessee",187.2,128,496.6,343,68570,38.6,52640,13.4,1,17,87.66054638,7.531219411,0.459763296,3,8.66591138765216,22.6345851376987
"Long County, Georgia","Georgia",180.9,20,366.5,41,17731,31.2,43193,21.9,1,21.8,64.73957077,23.37834579,1.326259947,3,44.1888933535665,110.154651255322
"Desha County, Arkansas","Arkansas",186.9,31,455.6,73,11965,39.4,33028,27.3,1,32.7,49.88286614,48.05719363,0.056547379,3,24.8549669748172,20.4411788937828
"Ransom County, North Dakota","North Dakota",181.4,16,447,35,5448,44.5,56270,8.4,0,8.8,97.21254355,0.586832936,0.293416468,2,14.5684323040769,39.0717555118782
"Cass County, Illinois","Illinois",195.3,33,448.2,74,12847,39.2,46289,13.2,1,18.8,89.45224083,3.500829938,0.24898144,1,17.8546465467662,10.6249480491388
"Wilcox County, Georgia","Georgia",195,21,451.7,49,8857,39.4,32722,30.7,1,27.4,59.54079358,37.69505127,0.523851984,2,80.6468153605238,85.5934621731563
"Benzie County, Michigan","Michigan",179,50,472.8,125,17457,48.4,48846,11.8,1,16.9,96.01422263,0.332626025,0.269541779,1,12.3126294929534,50.9203904228718
"Sagadahoc County, Maine","Maine",173.6,82,451.7,208,35149,45.2,55630,10.5,1,19,95.9221475,0.732360652,0.712413086,1,46.9927123514935,97.8278720809946
"Cherokee County, North Carolina","North Carolina",179.9,82,457.2,197,27178,50,34620,21,1,24.4,93.69924701,1.616713421,0.369112653,1,47.5219206186011,103.003945230402
"Tuscarawas County, Ohio","Ohio",168.7,210,447.1,527,92916,41,46128,13.4,1,18.3,96.6395892,0.84468753,0.37541668,3,41.3711739936844,-10.0475414895407
"Cambria County, Pennsylvania","Pennsylvania",168.5,366,488.3,979,136411,44.4,42703,15.3,1,17.6,93.8492334,3.407207582,0.495763411,1,52.1179074188694,42.4311029452099
"Douglas County, Washington","Washington",157.4,70,449.9,194,40534,37,51151,15.5,1,26,73.33771055,0.3409177,0.742442991,1,29.6221066499129,44.6514680397092
"Lewis County, New York","New York",173.6,59,470.1,154,26957,41.4,47542,14.3,1,19.4,96.8035688,0.918006194,0.446099395,1,58.8439402868971,66.1236568761948
"Latah County, Idaho","Idaho",148.9,50,395.9,134,38778,28.5,43482,19.9,1,9,93.00190407,0.654685829,2.253579906,1,97.4780934397131,61.2320414163809
"Hickman County, Tennessee","Tennessee",213.5,61,509.6,143,24363,40.7,37443,20.2,1,25.7,92.14676934,4.826421777,0.032944859,3,98.5319796251133,98.0770020894175
"McKean County, Pennsylvania","Pennsylvania",170.4,101,465.6,260,42412,42.4,44723,16.6,1,18.5,94.76028356,2.371513851,0.487361254,3,59.5671045826748,136.635682514766
"Columbia County, Washington","Washington",194.4,14,476.2,30,3944,49.5,45465,15.5,1,26.2,91.75231888,0.350965154,0.551516671,3,49.7603738680482,29.7261959469869
"Phillips County, Montana","Montana",151.2,10,456.8,29,4169,47.9,41595,15.7,1,13.6,87.20902328,0,0,1,23.3719405252486,44.4578718842759
"Charlevoix County, Michigan","Michigan",167.7,64,483.4,177,26238,46.7,47991,12.6,1,16.7,95.16721512,0.325246805,0.482130558,3,47.3474353086203,91.7582168213941
"Major County, Oklahoma","Oklahoma",182.3,20,478.7,51,7771,41.6,54107,11.8,1,16.3,89.20779221,0.363636364,0,1,35.9633021987975,-19.7501482455782
"Lee County, Iowa","Iowa",181.3,92,509.2,241,35089,42.9,44719,17.7,1,19.3,93.39534621,3.019593429,0.508920241,2,0.92328917235136,-57.9607350883659
"Stevens County, Kansas","Kansas",148.2,10,453.5494221,1962.667684,5806,34.9,59773,9.7,0,11.8,84.85793486,0.554400554,0.277200277,3,50.6397112971172,65.3830027884051
"Glenn County, California","California",165.2,51,443.4,135,28017,37.2,43755,17.1,1,26.3,85.25812551,0.966855757,2.479574726,1,75.9798831539229,117.848595869171
"Lowndes County, Mississippi","Mississippi",185,121,445.6,285,59710,36.3,39937,23.6,1,21.7,53.79654601,43.83323004,0.703529372,3,39.5658505149186,71.0107096084263
"Pueblo County, Colorado","Colorado",160,322,436,832,163591,38.8,41382,19,1,27.1,78.76225088,2.238745906,0.763996805,2,61.3259967416525,54.589027939506
"Harford County, Maryland","Maryland",169.9,450,485.5,1302,250290,40.1,79403,8,1,11.9,80.04426307,13.33836749,2.795160785,2,87.3149043880403,129.889902018277
"Bacon County, Georgia","Georgia",192,24,378.7,48,11299,37.1,34201,25.9,0,26.2,77.93619676,14.95277134,1.220816254,3,36.7491216165945,8.48803038304615
"Doña Ana County, New Mexico","New Mexico",150.8,319,381,799,214295,32.4,38974,27.9,1,29.9,89.05792123,1.73020569,1.088505957,1,6.61917992401868,45.7374127866982
"Jefferson County, New York","New York",177,196,500.8,554,117635,31.8,49781,15.1,1,19.8,86.39309945,5.525990567,1.450225731,3,38.1729896413162,32.4552775805213
"Floyd County, Iowa","Iowa",165.4,41,494,113,15960,43.6,48292,12.7,0,19.9,94.7165109,2.024922118,0.753894081,1,24.4434182997793,69.6193961919965
"Danville city, Virginia","Virginia",207.4,130,539,320,42082,41.8,33646,23.6,1,25.5,46.20023557,48.65959953,1.220259128,3,90.7065719831735,143.826345385789
"Harvey County, Kansas","Kansas",162.2,79,453.5494221,1962.667684,35073,38.6,55074,12.8,0,14.4,92.91517152,1.636285345,0.680350222,1,94.1441491013393,105.249740550867
"Calhoun County, Texas","Texas",182.1,47,435.6,107,21895,38.1,46705,17.3,1,18.6,87.63038863,2.880088618,3.540108926,2,24.4154809508473,7.28703561189797
"Lawrence County, Indiana","Indiana",197.2,119,466.2,275,45495,41.9,45232,12.5,1,16.8,96.706247,0.373248352,0.578425809,1,95.786725752987,82.0766784119788
"Grant County, Kentucky","Kentucky",205.4,48,513.7,123,24757,36.7,46226,16.9,1,18.4,94.85610053,0.31617349,0.024321038,1,95.1257505221292,94.278716689694
"Muscogee County, Georgia","Georgia",190,362,504.8,947,200579,33.5,41783,21.9,1,19.3,45.81820905,44.76770602,2.407569214,3,8.22572470642626,-43.973067131665
"Virginia Beach city, Virginia","Virginia",168.1,688,435.6,1825,452745,35,67676,8.6,1,9.2,67.74074818,19.30826028,6.463003859,2,85.1235674228519,118.778250227125
"Waynesboro city, Virginia","Virginia",210.5,58,596.9,157,21491,38.5,44843,14.6,0,20.1,81.1536643,12.74231678,0.964539007,1,91.6174460668117,66.3064141925596
"Wichita County, Kansas","Kansas",177.6,6,453.5494221,1962.667684,2157,35.7,53447,11.5,0,12.9,94.32849365,0,0.317604356,1,60.5770661029965,29.6972960593993
"Tulare County, California","California",155.2,564,391.5,1436,459863,30.3,42360,28.1,1,35,80.86791048,1.728068224,3.397770647,1,55.3953618276864,34.6575730361658
"Carbon County, Montana","Montana",129.1,20,411.7,62,10408,49.1,47520,12.7,0,14.5,96.42578886,0.009738995,0.243474873,1,90.2630644384772,145.578444646191
"Fulton County, Arkansas","Arkansas",175,35,394.1,78,12204,48,33347,22.6,1,25.6,96.96498691,0.122709424,1.505235602,3,25.5982734262943,-10.361837203477
"Williamsburg city, Virginia","Virginia",162.1,23,1014.2,135,15052,24.6,46954,20.1,1,8.9,74.88816592,15.27721296,5.889928155,1,66.5536232059821,98.6670376926199
"Santa Rosa County, Florida","Florida",190.7,314,426.5,708,167040,39.5,58587,11.2,1,14.6,85.85898734,5.729687432,1.944466871,2,66.244975826703,156.711216323271
"Hamilton County, Kansas","Kansas",164.2,5,453.5494221,1962.667684,2474,38,47709,12.8,0,17.6,87.97370456,2.088167053,0,1,20.7603676244617,-41.7101543917247
"Wright County, Minnesota","Minnesota",165.2,174,453.5494221,1962.667684,131311,35.6,76489,6,1,12.1,94.5637224,1.013279872,1.019496313,2,73.656414099969,6.84707775059175
"Mason County, Washington","Washington",176,152,505.4,428,61023,45.4,52313,15.6,1,20.2,84.88263065,1.653205244,1.53805662,2,60.6994694331661,50.331738103394
"Morgan County, Alabama","Alabama",184.9,258,472.8,653,119565,39.5,45082,15,1,17,82.68996377,12.28607684,0.601071912,3,17.4219649517909,75.4203658966755
"Franklin city, Virginia","Virginia",221.7,25,468,51,8490,38,38583,22.5,1,22.3,38.85538607,58.60234126,0.591226203,2,19.3073672475293,34.1934864050446
"Grant County, New Mexico","New Mexico",159.4,76,366.5,166,28609,46.5,38221,19.1,1,30.3,89.08959786,0.631889831,0.19574848,2,31.2097046989948,-39.516833310771
"Howard County, Maryland","Maryland",131.9,346,418.1,1186,313414,38.8,106871,6.1,0,8.2,60.10226395,18.13623136,16.24089571,2,91.8336183298379,121.708171966097
"Henry County, Missouri","Missouri",222.5,74,483.4,152,21737,44.1,39232,18.3,1,19.8,96.1423255,1.720068984,0.158845421,2,22.7362464182079,10.7867292814095
"New Madrid County, Missouri","Missouri",229.7,57,438.4,105,18208,40.5,34631,23.3,1,26.2,81.46216936,16.1588181,0.092336103,2,35.6137135997415,54.0879795852317
"Robeson County, North Carolina","North Carolina",193,253,409.6,554,134197,35.2,30414,33.1,1,32,30.07614684,24.10673903,0.755536772,1,0.361816422082484,-0.723413232861168
"Ray County, Missouri","Missouri",204.2,57,472.9,132,22810,41.5,51986,15.3,1,14.5,95.73618167,1.354695845,0.204072771,2,47.9110089596361,89.6991541108093
"Pender County, North Carolina","North Carolina",169.8,112,463.5,298,57611,42.1,45453,15.4,1,17.9,76.27705471,17.11924011,0.208461734,3,19.2594260210171,81.7360217330355
"Hansford County, Texas","Texas",129.1,8,448,27,5610,36.4,50698,12.7,0,16.1,94.35150207,0.125921928,0.359776938,1,97.3771299235523,92.1845311128595
"Roosevelt County, Montana","Montana",182.6,19,509.5,53,11476,30.4,37511,23.8,1,29.9,36.96712428,0.081286127,0.18966763,1,6.43556984141469,16.5001543478522
"Taylor County, West Virginia","West Virginia",172.2,39,400.9,87,16912,43,40305,16.8,1,20.6,97.26100018,0.948341874,0.960122519,2,29.922139365226,25.0045521501133
"Bowman County, North Dakota","North Dakota",209.3,12,472.9,22,3294,43.6,60946,7.4,0,5.7,95.56038497,0.124185036,0,2,68.1006899802014,79.7436575868646
"Dorchester County, South Carolina","South Carolina",172.9,210,483.1,618,152478,35.8,56388,12.8,1,15,68.06368596,25.51007103,1.709501424,3,27.2233586292714,-15.9955614344708
"Winn Parish, Louisiana","Louisiana",227.5,41,524.4,96,14568,41.3,36644,26.8,1,22.2,65.60753955,32.56815887,0,1,76.4637771993876,3.20474957318883
"Hill County, Montana","Montana",178,31,485.1,84,16572,34.3,43509,17.6,0,19,72.84391454,0.018156509,0.508382255,1,85.1831444073468,110.095705407511
"Lamar County, Texas","Texas",187.3,120,469.5,292,49440,40.3,41009,18.6,1,21.5,80.97889682,12.50655691,0.82516241,1,3.10502033680677,-43.7470339370158
"Kent County, Delaware","Delaware",190.7,347,527.2,940,173533,37,54271,14.1,1,20.5,67.20882077,24.31198343,2.091334383,2,66.2585644051433,63.3236310029873
"Liberty County, Florida","Florida",220.4,17,391.5,32,8331,37.6,38473,24.7,1,20.3,77.97468354,16.52802893,0.807715491,3,97.4037785548717,164.716091981025
"Glades County, Florida","Florida",135.3,28,354.9,68,13670,45.3,38783,21.1,1,24.1,79.87492465,13.02742616,0.421940928,3,64.9380800314248,63.0390631079231
"Bennington County, Vermont","Vermont",176.1,100,488,261,36317,46.1,44674,14.4,1,28,96.35136243,0.491951133,0.486485009,1,94.7788714431226,107.051479587736
"Waller County, Texas","Texas",163.1,64,375.6,145,48656,29.1,50589,16.1,1,19.3,68.98379392,25.36480031,0.7721334,3,15.3211935190484,-75.1087455174472
"Elkhart County, Indiana","Indiana",170.1,350,442.7,891,203474,35.2,50192,13.9,1,19.1,86.21969754,5.785185739,1.073822159,2,13.9778480865061,14.707320107505
"Washington County, Texas","Texas",158,78,424.8,192,34765,42,55139,15,1,16.4,78.16041594,17.14569459,1.770066597,2,14.2390310531482,-8.29088288564444
"Brown County, Nebraska","Nebraska",156,9,358.2,19,2946,47.6,42348,12.8,0,17,97.46588694,0.032488629,0.194931774,1,45.3599712345749,30.4067633918588
"DeKalb County, Indiana","Indiana",185.8,87,464.7,213,42589,38.6,51911,10.1,1,15.4,96.90452072,0.259134491,0.452307475,3,41.2402401678264,25.3776761890889
"Hale County, Alabama","Alabama",197.7,39,510.4,98,15068,40.2,33315,28.1,1,26.8,39.96460409,58.24593603,0.275301521,2,81.313183484599,74.5372391729634
"Windham County, Connecticut","Connecticut",172.2,229,431.4,569,116573,40.4,57547,10.3,1,21,90.30901507,2.230356687,1.230101302,1,48.4401116380468,70.2515516470437
"Pointe Coupee Parish, Louisiana","Louisiana",188.2,54,507.4,146,22251,42.6,44469,18.3,1,21.7,62.05440484,35.90096898,0.320028447,2,52.9811036773026,35.8857722812152
"Martin County, Texas","Texas",153.2,7,331.3,16,5641,31.9,61896,12.5,0,12.5,84.27265804,2.3229246,0,3,17.8493973566219,80.3754223435217
"Winnebago County, Iowa","Iowa",163.3,27,446.6,67,10609,43.2,50703,10.4,1,11.1,95.79800264,0.923308837,1.083474656,3,74.2826516507193,70.8087041448453
"Clinton County, Iowa","Iowa",191.8,127,483.1,305,47768,42.1,48528,12.9,0,16.5,93.62142045,2.795409904,0.665770702,2,43.746633711271,61.0402277977415
"Gray County, Kansas","Kansas",150.7,9,453.5494221,1962.667684,6133,36.1,58543,8.3,0,11.4,98.35119538,0,0.131904369,1,45.9288770332932,26.2034351192957
"Venango County, Pennsylvania","Pennsylvania",199.4,160,487.7,369,53119,45.4,43810,16.2,1,20.3,96.82039105,0.888583831,0.387711943,3,65.3787807794288,-17.9403133504688
"Franklin County, New York","New York",180.9,105,466.4,274,50660,39.8,45704,18.5,1,21.6,82.97971919,5.569422777,0.430967239,3,97.64017497655,142.541299006799
"Liberty County, Montana","Montana",126.9,5,371.2,12,2408,44.8,37911,19.1,0,13,96.20092866,0,0,3,52.6488340226933,31.8006929277373
"Oscoda County, Michigan","Michigan",199.5,30,404.3,59,8251,51.3,33975,20.5,1,20.6,96.684036,0.438180957,0.0828991,1,76.3415293768048,135.860507031765
"Van Buren County, Arkansas","Arkansas",178.9,51,424,113,16771,47.1,32975,22,1,26,95.24761793,0.888130808,0.170568168,2,39.5051541505381,21.9351675231585
"Humphreys County, Mississippi","Mississippi",220.9,22,560.9,55,8669,35.3,25562,40.3,1,39.8,22.60685663,75.40071238,0.111308994,3,90.5002696206793,3.65360398193943
"Houston County, Tennessee","Tennessee",219,25,457,50,8149,43.2,39753,19.1,1,25,94.31845597,2.689987937,0.180940893,3,2.01382751110941,36.2113904944558
"Aitkin County, Minnesota","Minnesota",164.1,50,453.5494221,1962.667684,15702,53.1,40676,14.9,1,22.3,95.07544668,0.366184734,0.309362965,3,76.4768147375435,62.5767809257637
"Hunt County, Texas","Texas",198.5,195,476.8,465,89844,38,43385,20.5,1,19,78.69895062,8.447281152,1.178848862,2,61.9149576639757,23.1491500305809
"Seminole County, Oklahoma","Oklahoma",208.9,68,484.1,152,25548,39.7,35964,24.7,1,24.8,68.44707822,4.99195479,0.192300145,2,47.1438528737053,78.1484896399867
"Chatham County, North Carolina","North Carolina",146.8,149,427.6,384,70928,46.3,56797,13.9,1,16.7,78.99037535,12.27773576,1.389568596,2,19.0701705869287,-4.01586363507588
"Jefferson Davis Parish, Louisiana","Louisiana",208,78,499.6,179,31439,38.4,37968,21.7,1,25.3,79.74804352,17.14703824,0.334033212,2,41.2771598203108,-5.36663806077725
"Montgomery County, Georgia","Georgia",163.1,15,437,43,8951,38,36436,22.4,1,22.6,70.88537021,26.4161463,0.423728814,2,96.979570761323,119.694227883885
"Door County, Wisconsin","Wisconsin",158.7,77,449.3,208,27554,51.7,49717,11,1,15.5,96.61750388,0.540910894,0.479607659,2,8.00169247668236,-3.43075607666987
"Mackinac County, Michigan","Michigan",160.3,31,422.5,75,10890,50.9,39359,15.4,1,19.2,75.31691416,1.711336472,0.588554871,3,56.1941006919369,36.945524333932
"LaMoure County, North Dakota","North Dakota",134.7,10,370.5,27,4125,48.5,53721,9.7,0,9.9,98.51689764,0.121565767,0,1,1.97804565541446,-53.5487464892645
"Wyoming County, New York","New York",181.1,87,577.4,281,41013,41.1,53783,12.3,1,16.1,91.77725233,5.723109588,0.422236163,1,46.6670054476708,-26.7623396880095
"Lowndes County, Alabama","Alabama",211.9,28,507.2,67,10458,39.5,30675,31.4,1,25.4,25.49804506,74.05511078,0,2,83.1388209247962,74.7448018945645
"Webster County, Nebraska","Nebraska",162.7,12,495.5,31,3625,47.5,40979,12.7,0,17.7,95.53692183,0.054097917,1.379496889,1,34.4943378353491,40.0271487762845
"Terrebonne Parish, Louisiana","Louisiana",213.2,234,493.1,549,113972,35.2,49044,20.9,1,20.1,71.23077469,18.53435277,0.913590321,1,61.4534236025065,34.8986398212336
"Grant County, Oregon","Oregon",131.4,17,400.3,47,7185,51.1,41304,16.8,1,22.2,95.4095657,0.329851567,0.412314458,1,91.2822883343324,72.4634020641248
"Gilpin County, Colorado","Colorado",129.8,7,400.2,22,5828,44.7,64752,7.9,0,11,92.14986619,0.517395183,0.142729706,1,30.3475368767977,-52.5818646251308
"Alpena County, Michigan","Michigan",179.3,81,537.3,228,28803,47.1,38121,16.8,1,18.2,96.73180129,0.567634512,0.464428237,2,72.3627130268142,64.8279908099917
"Marquette County, Wisconsin","Wisconsin",217.8,54,471.9,110,15075,48.6,43661,13,1,19.1,96.52575958,0.435931308,0.482166446,2,46.4433406712487,42.3980992465818
"York County, Nebraska","Nebraska",164.7,33,389.2,72,13806,41.3,51335,10.6,0,11.6,95.60940326,0.933092224,0.224231465,2,95.0407399563119,42.506369970352
"Perry County, Tennessee","Tennessee",198.4,22,492.4,52,7929,43.7,33776,23.6,1,23.9,94.90081384,2.797558494,0.139877925,1,43.9503155183047,47.2377674190227
"Douglas County, Kansas","Kansas",153.7,138,453.5494221,1962.667684,118053,28.8,49246,19.4,1,8.7,84.29288405,3.999408526,4.407351675,2,60.0588551955298,43.5924500759771
"Webster County, Mississippi","Mississippi",214.5,28,549.9,69,9899,41.1,34073,22.1,1,23.5,78.80788079,19.6419642,0.180018002,3,9.22962005715817,74.0352996595891
"Amherst County, Virginia","Virginia",183.9,81,427.4,181,31914,43.6,43998,13.7,1,18,76.83526191,18.39305711,0.749657833,3,73.1753746513277,10.0473820958638
"Vernon County, Wisconsin","Wisconsin",168,70,415.9,160,30506,42.3,46943,18,0,16.5,97.29185244,0.501998084,0.48548499,2,80.5903032887727,134.282834307889
"Rock Island County, Illinois","Illinois",176.2,340,478.1,878,146133,40,48024,16.3,1,20.1,82.14676443,9.449514477,2.146628523,3,10.044145071879,-14.6026451219012
"Taliaferro County, Georgia","Georgia",234.9,6,464.8,12,1639,47.9,28716,32.3,1,22.1,40.03486345,58.86112725,0.522951772,1,50.9647068567574,70.7194965307022
"Union County, North Carolina","North Carolina",158.6,273,429.7,783,222742,37.2,64381,10.8,1,12.3,81.04412853,11.83148879,2.118338316,1,3.46004806924611,-1.88717774085232
"Wilkes County, Georgia","Georgia",210,32,481.7,69,9867,44.4,32042,26.7,1,25.2,53.19787809,42.35812231,0.7406666,1,55.735237384215,66.1335462434661
"Medina County, Texas","Texas",155.6,82,343.3,178,48417,38.5,53440,14.3,1,16.7,90.23885888,2.276755571,0.282748143,1,91.6254264768213,85.672627676877
"Montrose County, Colorado","Colorado",151.4,87,382.1,208,40946,44.2,46336,15.5,1,24,92.58115889,0.646821022,0.438564253,3,11.0091368667781,38.1135925085518
"Van Buren County, Michigan","Michigan",188.2,168,431.5,385,75077,41.3,46715,16.5,1,22.1,87.85019442,3.613754297,0.578625367,1,96.7273163609207,92.514602272879
"Chariton County, Missouri","Missouri",166.7,22,444.2,52,7589,45.5,43049,12,0,17.1,96.31372549,2.274509804,0.117647059,2,4.35036856215447,77.8509029083003
"Tompkins County, New York","New York",159.5,154,479.8,449,104926,30.2,51880,18.7,1,13.1,81.26041115,4.154831255,10.04573684,3,12.3467025812715,-1.53198523678457
"Camden County, North Carolina","North Carolina",143.8,16,417.4,46,10309,41.1,61730,9.7,1,12.3,82.50172227,13.76832989,2.20450743,1,86.8765932507813,45.8921005679997
"Gadsden County, Florida","Florida",184.7,101,403.4,224,46036,40.2,35849,25.6,1,24.8,40.57384112,54.7927796,0.480354989,1,25.8233032887802,-46.1699116650962
"Brantley County, Georgia","Georgia",210.8,41,411.4,80,18455,39,36865,21.7,1,25.8,94.51549967,3.186646434,1.110990679,2,26.7659179400653,43.1038921882495
"Nemaha County, Nebraska","Nebraska",164.7,18,398.7,39,7046,39.1,49162,13.6,1,13.6,96.19140625,1.143973214,0.474330357,1,74.5106126647443,106.597213262439
"Rio Arriba County, New Mexico","New Mexico",155.5,71,351.8,164,39465,40.1,34902,24.1,1,26.6,62.51470625,0.52567023,0.360459586,3,17.5145448651165,-23.5849486596232
"Keweenaw County, Michigan","Michigan",113.5,5,337.6,12,2168,54.5,40411,12.7,1,20.6,98.36214741,0.864422202,0.136487716,3,29.8878508852795,24.8638297817751
"Holmes County, Ohio","Ohio",147.4,59,316.5,126,43909,30.4,50069,12.4,0,11.2,98.71304908,0.204899162,0.085182798,2,66.5934170363471,90.0776822810148
"Prentiss County, Mississippi","Mississippi",203.2,63,428.8,129,25459,39.2,34794,22.3,1,27.1,83.95981087,14.19621749,0.208825847,3,81.4787376672029,20.1355349253858
"Andrew County, Missouri","Missouri",156,35,344.4,74,17296,42.3,56309,10.7,1,12,96.5143121,1.327331487,0.219298246,3,7.97409932129085,13.1398702482502
"Deaf Smith County, Texas","Texas",180.8,33,402,73,18952,31.5,41499,19.2,1,23.1,87.87217459,1.002857885,0.306573136,2,62.9516651388258,-22.2469537166196
"Dyer County, Tennessee","Tennessee",185.6,84,408,183,37893,40.3,43425,19.6,1,21.9,82.04656541,13.34419509,0.580753666,3,39.847222622484,5.03746789083606
"Amelia County, Virginia","Virginia",216.5,35,522.5,84,12903,45.8,51738,12.9,1,15.2,73.34272521,24.32495891,0.101745324,1,82.5721693690866,7.31498206767304
"Elmore County, Idaho","Idaho",180,40,498.1,116,25876,30.8,45049,14.4,1,15.2,84.85195798,2.418338109,3.163323782,3,81.7288998980075,81.1994172729413
"Outagamie County, Wisconsin","Wisconsin",153.4,282,464.9,845,183245,37.8,59377,10,0,13.5,90.51931497,1.114559663,3.206229563,2,1.59415167290717,-30.4068820669114
"Tensas Parish, Louisiana","Louisiana",142.5,10,389,27,4740,43,27522,32,1,23.1,42.75495606,56.46842428,0,3,0.970259169116616,-53.3802689122543
"Miami County, Indiana","Indiana",183.5,79,424.4,182,35862,40.1,41065,17.1,1,19.7,91.38659523,5.142083897,0.328629422,2,81.1622884823009,145.243989003981
"Daviess County, Indiana","Indiana",176.6,64,420.7,149,32906,35,47670,13.8,1,19.2,96.16488229,1.536515381,0.34247632,2,46.8925183871761,60.0042041568249
"Roane County, Tennessee","Tennessee",198.7,159,492.7,379,52753,46.1,43269,18,1,21.9,94.42647004,2.640984162,0.453331327,2,50.1300769625232,112.736025908515
"Laurel County, Kentucky","Kentucky",216.7,138,531.7,345,60094,38.5,34678,24.7,1,27.7,97.20172047,0.863583873,0.557312848,2,27.4864507140592,37.2239455201304
"Tom Green County, Texas","Texas",159.3,199,443,532,118105,33.9,45261,15.6,0,15.3,86.22670699,4.370915033,1.368029481,2,41.2081579910591,48.5242955058348
"Clay County, Georgia","Georgia",153.9,7,405.8,18,3141,40.3,27512,37.3,1,34.2,31.79768041,61.05025773,0,1,51.8657024716958,38.6232619597145
"Habersham County, Georgia","Georgia",180.5,94,477,244,43996,38.8,40994,15.3,1,18.2,87.82364969,3.848186183,2.196337905,1,21.3332910789177,40.8893205915265
"Washoe County, Nevada","Nevada",166,727,453.5494221,1962.667684,446903,37.6,52862,15.4,1,15.6,80.45763518,2.406331677,5.309883017,3,37.1343476464972,74.4715014759983
"Coffee County, Alabama","Alabama",173.3,102,430.4,250,51211,38.8,46931,16.8,1,18,76.77658989,17.35123025,1.232214449,3,24.5727820089087,45.578022210929
"Lee County, Kentucky","Kentucky",275.9,25,528.6,48,6752,41.9,25473,35,1,37.1,96.95181908,0.941143419,0.505689001,1,80.7637475663796,81.8256036242969
"Lafayette Parish, Louisiana","Louisiana",182.9,377,487.3,1015,240098,34,51340,15.1,1,15.6,69.85518375,25.68428591,1.561185621,2,42.5055355066434,-20.1860776388874
"Lucas County, Iowa","Iowa",184.7,27,425.1,56,8682,45.4,42582,16,1,16.8,97.75512542,0.229068835,0.343603253,3,36.6046096431091,9.88555006400826
"Wells County, North Dakota","North Dakota",178,17,405.2,32,4168,51,51470,10.9,0,11,98.02568982,0,0,1,45.4653873341158,16.3714735396996
"Dade County, Missouri","Missouri",194.1,23,383.9,45,7595,47.1,37173,18.5,1,25,95.55001313,0.485691783,0.144394854,2,27.621824783273,-44.8297543204158
"Dane County, Wisconsin","Wisconsin",153.8,707,430.7,2015,523643,34.6,61937,13.4,0,10.2,84.4213423,5.199353976,5.404960427,2,80.4862655466422,96.6866921814672
"Johnson County, Wyoming","Wyoming",147.8,19,412.7,49,8585,44.6,51434,9.7,0,12.2,97.36046512,0.046511628,0,3,1.62834271322936,29.8977380242495
"Stanton County, Nebraska","Nebraska",138.2,10,221.5,16,5937,38.8,55955,9.2,0,12.4,97.18796251,0.559118566,0.263114619,2,28.8802078692243,39.7294985599635
"Dent County, Missouri","Missouri",200.1,45,424.4,90,15593,43.4,34411,21.6,1,25.3,96.47066359,0.397130413,0.614911606,2,87.4297229107469,114.279983866897
"Cache County, Utah","Utah",104.1,80,376.1,295,120783,25,51735,14.2,1,10.8,90.51758636,0.754369982,2.235864077,3,59.8093001870438,-25.7579849494656
"Asotin County, Washington","Washington",188.3,60,371.3,112,22105,44.2,44055,16.3,1,21.2,93.52994555,0.444646098,0.875680581,1,61.6824372904375,81.1487450485775
"Westmoreland County, Virginia","Virginia",179.9,49,450.9,121,17629,46.6,48232,15,1,16.8,67.81340776,28.22236145,0.575269123,1,21.9456806080416,-51.3253959936791
"Reeves County, Texas","Texas",148.3,20,345.2,47,14732,35.6,39006,24.8,1,23.4,82.97482192,3.907186685,0.846322026,2,27.9281012015417,-39.1978941413537
"Hennepin County, Minnesota","Minnesota",156.8,1854,453.5494221,1962.667684,1223149,36.1,64490,13,1,15.2,74.27382081,12.16571379,6.796429382,1,57.325297431089,-17.8075287009223
"Kings County, California","California",147.7,163,409.3,479,150965,31.4,44490,24.9,1,25.7,68.40421727,6.223261235,3.709982914,3,78.4087870037183,25.4143522724745
"Crittenden County, Kentucky","Kentucky",211.2,27,435,55,9183,43,38338,20.3,1,18.3,97.40837129,1.225330731,0.043374539,2,58.69461374823,77.7146215116995
"Clay County, Florida","Florida",182.6,357,471.3,935,203967,39,58539,10.9,1,14.9,82.00864161,9.763596853,3.166393978,3,86.6639280691743,66.9927992158454
"Bremer County, Iowa","Iowa",129.8,44,430.9,133,24722,38.6,62438,7.6,0,9.2,96.73173316,1.09621419,0.762052243,2,4.90245984401554,-5.60488172739759
"Pike County, Indiana","Indiana",174.1,30,412.1,71,12594,43.4,47217,11.3,1,13.9,99.37731536,0.189170017,0.07882084,1,95.745513564907,148.201913997018
"Snyder County, Pennsylvania","Pennsylvania",159.2,78,474.1,224,40444,39.3,49117,13.1,1,13.4,96.81116716,1.011336962,0.684213155,1,14.5539370598271,95.5800570666899
"Kemper County, Mississippi","Mississippi",171,22,432,55,9969,38.3,33015,28.2,1,27,36.83282734,59.01478797,0.107726961,3,14.4652435323223,10.4274025423313
"Grant Parish, Louisiana","Louisiana",222.7,49,482.7,111,22343,37.6,40668,22.8,1,24.4,80.00626062,14.39048386,0.084965567,2,7.30942711234093,23.3494157524274
"Benton County, Mississippi","Mississippi",208.7,22,355.2,38,8182,39.8,30665,25.6,1,18.3,60.99173554,36.34002361,0,1,57.0544808637351,119.673683860078
"Clarke County, Virginia","Virginia",197.4,38,417.9,77,14363,45.7,70281,8.2,1,9.9,88.73347787,5.482900902,0.972095951,2,8.30558727029711,42.9650758229704
"LaSalle County, Illinois","Illinois",191.3,291,519.9,742,111333,41.6,51205,13.6,1,19.4,94.09570169,2.460494408,0.674193233,1,34.5815308159217,69.7607111511042
"San Benito County, California","California",150.4,75,433,216,58792,35,68166,14.1,1,20.5,84.53185538,0.780096252,2.66344667,2,4.13216983433813,33.4733542206741
"Crawford County, Indiana","Indiana",185.8,24,452.7,59,10483,43.1,40657,18,1,24,97.29959399,0.103861769,0.151071665,3,32.9563253326342,66.46075624537
"Duplin County, North Carolina","North Carolina",164.5,111,410.9,276,59159,38.8,34109,27.7,1,25.3,61.86231141,24.95248347,0.467596253,3,66.2158507853746,64.9582083381589
"Fulton County, Indiana","Indiana",208.3,56,469.1,124,20315,41.7,44762,13,1,17.3,94.631461,0.993813027,0.477419983,3,88.2963153999299,104.315951262072
"Coconino County, Arizona","Arizona",119.8,130,348.4,399,139097,30.8,48653,21.3,1,17.8,62.81592673,1.563265814,1.658363874,3,10.1624988019466,23.9713445641944
"Waushara County, Wisconsin","Wisconsin",181.1,70,432.3,158,24033,47.9,46835,13.9,1,19.3,94.42868303,1.837917849,0.365938901,3,39.5222470862791,39.0571377898753
"Erie County, Pennsylvania","Pennsylvania",182.5,620,478.6,1566,278045,38.8,45476,16.4,1,19.4,87.52474469,7.066798162,1.423221777,2,46.63940530736,92.7706694116819
"Bracken County, Kentucky","Kentucky",236.8,23,639.7,61,8321,41,41910,18.6,1,22.3,98.93175074,0.023738872,0,2,20.9074635524303,18.0213719492058
"Nolan County, Texas","Texas",187.7,36,427.3,81,15107,37.9,38742,17.9,1,21.2,87.92244871,4.176349512,0.351902264,3,37.0679470477626,85.3971288727284
"Mineral County, West Virginia","West Virginia",198.4,76,456.6,170,27451,43.2,40012,16.1,1,23.3,94.81534859,3.145379211,0.299045217,2,94.485668442212,126.320483886158
"Floyd County, Indiana","Indiana",179,149,474,395,76778,39.6,53186,11.6,1,12.5,90.40843215,4.919631094,1.034255599,1,38.1436086958274,9.06654137887855
"Mobile County, Alabama","Alabama",205.1,925,475.8,2134,415395,37,42943,19.6,1,20.6,60.00371755,35.04517792,1.966923435,1,25.2762113464996,63.2109349652575
"Jones County, Georgia","Georgia",162.1,50,472.1,150,28494,39.4,51749,14.5,1,18.6,72.58333913,25.70812165,0.741178927,1,78.2393108587712,80.4570107277648
"Tyrrell County, North Carolina","North Carolina",222.3,13,431,24,4070,44.4,32773,28.3,1,23,59.89884393,30.39499037,2.817919075,3,74.9985083006322,27.4768926244015
"McPherson County, South Dakota","South Dakota",97.3,5,284.8,13,2415,52.1,38469,17,1,11.9,93.41581971,0.220945647,0.353513036,2,76.2002571485937,75.5148515737942
"Franklin County, Kentucky","Kentucky",215.7,127,512.2,297,50375,40.7,49400,12.9,1,15.3,82.83177307,10.49057817,1.605126763,2,35.1519491756335,26.7137829768
"Washington County, Mississippi","Mississippi",241.1,127,496.1,269,48130,36.2,30292,35.1,1,32.4,27.16418514,71.1630538,0.71314572,3,5.8132951380685,-26.6481810699269
"Chippewa County, Michigan","Michigan",170.7,79,414.6,187,38033,39,38989,19.9,1,20.2,71.56481625,6.69413777,0.904473125,2,59.8826349247247,13.8372612515337
"Yell County, Arkansas","Arkansas",207.9,56,445.9,117,21713,39.1,37080,17.4,1,23.5,81.96473552,2.729562629,1.497595603,1,56.870701815933,102.129435679714
"Pitkin County, Colorado","Colorado",59.7,12,318.5,64,17787,43.4,73274,7,1,9.6,94.44316877,1.526980482,1.44087256,3,9.16110440157354,53.5203294900029
"DeKalb County, Tennessee","Tennessee",202.8,48,422.5,99,19182,41,38595,20.1,1,23.4,94.78936863,1.449732115,0.619813006,2,51.9334896001965,37.3391041704289
"Warren County, Pennsylvania","Pennsylvania",179.3,113,496.8,295,40396,46.2,44651,14.1,1,14.8,97.85410869,0.493139983,0.488257409,1,1.01736965589225,-5.29724249453557
"Kearney County, Nebraska","Nebraska",136.4,13,440.9,39,6585,40.8,56791,9.6,0,10.6,98.12185066,0.152695068,0.320659643,2,38.327203434892,48.915219143366
"Dodge County, Georgia","Georgia",190.6,47,448.2,110,20882,40.2,32293,25.9,1,22.4,66.53918791,28.47497639,0.571293673,1,48.8960669608787,18.2602511927773
"Nevada County, Arkansas","Arkansas",210.7,25,407.9,48,8558,41.8,30935,25.1,1,29.8,67.18981008,30.76310702,1.285113158,2,56.5751915797591,49.150523167615
"Hampton city, Virginia","Virginia",190.3,270,491.9,709,136454,35.4,47615,15.2,1,16.4,42.82139757,50.08352726,2.309583385,3,2.86438553594053,99.6496629743629
"Winona County, Minnesota","Minnesota",166.8,98,453.5494221,1962.667684,50885,33.9,49365,15.8,1,11.8,94.12063343,1.431277215,2.554039014,2,10.6083345832303,-25.8747442394826
"Sioux County, Iowa","Iowa",140.7,57,427.3,160,34937,33.3,60205,7.5,0,11.2,92.53817845,0.434669217,0.736039874,3,99.7302735457197,105.0664903429
"Mower County, Minnesota","Minnesota",155.6,88,453.5494221,1962.667684,39116,39,47537,12.1,1,16,92.21709537,3.023427741,2.024116043,2,56.6713891690597,71.9515655627424
"Hamilton County, Tennessee","Tennessee",172.9,713,470.9,1885,354098,39.3,48380,15.9,1,17.5,75.1445618,19.8327593,1.981782196,1,15.5121795134619,29.0309699488085
"Roane County, West Virginia","West Virginia",204,41,449.2,89,14435,44.2,33041,23.1,1,32.6,97.9365947,0.020497404,0.12981689,3,35.8189688529819,43.7687601173012
"Woodruff County, Arkansas","Arkansas",215.9,22,492.6,50,6741,43.9,29969,25.1,1,34.3,69.85536302,26.76500072,1.102677932,3,7.41610960103571,-17.3100104090586
"Fairfield County, South Carolina","South Carolina",201.9,62,460.4,138,22747,44.1,35490,23.1,1,26.3,39.11199585,57.43898217,0.268305349,3,25.634091347456,40.1206464528217
"Weakley County, Tennessee","Tennessee",205.4,87,443.1,182,33960,36.9,36205,21.5,1,17.8,88.39750109,9.103588552,0.145285486,3,1.19865075685084,-17.964952661276
"Wayne County, North Carolina","North Carolina",191.3,258,458.6,611,124132,36.7,36890,23.3,1,23.3,57.2691086,31.32805275,1.156366853,1,72.1905660117045,46.4018140048038
"De Witt County, Illinois","Illinois",195.5,43,512.9,109,16247,42.8,55193,10.9,1,17.7,96.18623383,0.500366122,0.07322431,3,7.99303750973195,-36.4024748865285
"Clay County, South Dakota","South Dakota",170.9,21,393.5,46,13964,25.2,43453,24.9,1,13,90.06494897,1.484547855,2.069802298,3,73.8348196493462,11.2588493908419
"Miami County, Kansas","Kansas",150.2,56,453.5494221,1962.667684,32553,40.4,63924,9.5,1,9.5,95.58247675,1.336882036,0.379344102,2,57.2805024683475,70.495737666067
"Maries County, Missouri","Missouri",187.4,24,287.4,35,8963,44.2,40165,16.1,1,22.9,96.41161533,0.419564977,0.607265099,2,45.6913001136854,36.5245340950569
"Lee County, Virginia","Virginia",224.2,73,330.5,107,24742,42.8,31429,26.6,1,26.3,93.93398397,3.824486233,0.261842418,1,1.8147103022784,27.1510729712562
"Harnett County, North Carolina","North Carolina",182.9,190,468.2,501,128140,33.6,45380,20.5,1,18.5,67.93838481,20.96122909,1.175997426,1,45.4421794740483,23.1244850042996
"Richland County, Wisconsin","Wisconsin",168.7,45,420.9,105,17495,44.1,44026,13.5,0,18.9,96.44426913,0.726924377,0.383184943,1,59.3619584105909,88.5077091111831
"Fayette County, Iowa","Iowa",151.3,50,467.8,138,20257,43.1,45522,14.4,1,20.1,96.119287,1.083102628,0.762543106,3,40.598659333773,106.091536412988
"Rosebud County, Montana","Montana",164.6,15,490.7,46,9398,36.9,50751,20.5,1,14.2,61.01368691,0.203165098,0.588109495,1,19.0492756664753,77.6753650208367
"San Juan County, Utah","Utah",123.9,16,261.1,35,15772,30.6,40590,29.2,1,25.1,49.63041183,0.16499472,0.739176346,1,51.5242307912558,99.1569724183626
"Dade County, Georgia","Georgia",238.2,47,423.9,83,16264,40.7,42953,16.4,1,18,95.67041654,1.197932502,1.045910611,1,94.4537910632789,62.7044242621464
"Teton County, Wyoming","Wyoming",136.9,23,402.7,83,23125,38,75348,7.7,0,5.5,93.1603245,0.32271077,1.900407871,3,74.5978922117501,142.095290610131
"Camden County, New Jersey","New Jersey",182.8,1039,530.9,2963,510923,38.3,61685,13,1,18.6,63.28325501,19.40984144,5.58595932,2,2.3043078603223,-18.2180653045385
"Cumberland County, Virginia","Virginia",179.2,24,436.4,56,9719,44.3,41409,19,1,21.5,63.01856172,33.14737803,0,2,14.4125532358885,34.0066931679451
"Marshall County, Oklahoma","Oklahoma",196.9,43,460.2,99,16232,43.1,38517,18,1,23.1,71.74347446,1.473710503,0.162357937,3,88.5491502471268,137.792248465068
"Sumter County, Florida","Florida",142.9,358,444.5,1067,118891,65.3,51907,10.9,1,21.8,88.34112128,8.3418586,0.715200782,2,80.741319572553,50.7563073665423
"Lake County, Ohio","Ohio",182.5,558,483.8,1415,229245,43.2,58697,8.9,1,13.6,92.55220387,3.702105589,1.268322023,2,33.91481381841,35.8917855932608
"Botetourt County, Virginia","Virginia",148.7,68,401.6,180,33347,46.4,63646,7.8,0,11,94.00995325,3.456492233,0.153822953,1,73.0417778715491,103.834437716258
"Salem city, Virginia","Virginia",186.6,63,511.5,162,25432,40.5,54195,10.2,0,13.3,88.11047089,7.792569044,2.074309557,2,0.453178165480494,-28.5420924657455
"Jenkins County, Georgia","Georgia",215,22,409.5,41,8957,40.7,30678,34.6,1,28.9,62.64290518,33.53508182,0.224164985,2,55.0305126002058,145.499536617042
"Creek County, Oklahoma","Oklahoma",210.2,182,495.5,420,70892,40.6,46614,15.8,1,21.3,79.68513729,2.321900482,0.501688783,3,43.8582364469767,20.4697497111871
"Hardy County, West Virginia","West Virginia",153,29,374.9,68,13852,44.5,41010,15.3,1,19.1,94.69001148,4.355625718,0.46641791,1,52.8228431241587,28.7550633494799
"Leelanau County, Michigan","Michigan",132.5,54,372.9,138,21981,52.4,60622,8.9,1,13.9,92.63733235,0.574131913,0.688958295,1,86.6644260007888,83.225623943655
"Cross County, Arkansas","Arkansas",230.9,51,433.4,93,17284,40.1,38597,22.3,1,27.5,74.87261693,23.02627812,0.618308811,2,97.8053697152063,28.6349063752125
"Yamhill County, Oregon","Oregon",168.6,193,466.8,512,102659,38.2,52903,15.4,1,18.9,88.02697811,1.236167288,1.277702509,2,37.9910052288324,-11.518633009506
"Riverside County, California","California",154.6,3377,414.5,8857,2361026,34.5,56877,17.1,1,24.2,64.61041448,6.265186908,6.185118397,3,0.732399965636432,-9.76024445818337
"Jones County, North Carolina","North Carolina",205.2,30,464.6,65,10013,45.2,38928,22.2,1,22.6,65.09935078,31.71355499,0.098367106,3,30.3859574487433,55.2121140031865
"Poinsett County, Arkansas","Arkansas",247.1,76,480.5,145,24040,40.2,35851,21.9,1,35,89.34737712,8.269310202,0.028913672,1,65.4714923817664,89.0879011713835
"Cooke County, Texas","Texas",169.2,84,428.1,203,39229,39.6,57378,15.3,1,16.8,92.24736204,2.425118031,0.73785506,1,33.0408199457452,10.4496736594055
"De Soto Parish, Louisiana","Louisiana",197.8,64,503.8,161,27052,39.8,40642,23.5,1,22.5,58.08640831,37.99740404,0.296680883,2,34.2506262939423,93.9306381600073
"Grafton County, New Hampshire","New Hampshire",155,178,435.5,487,89320,41.9,56353,11.6,1,14,93.24050548,0.871940095,3.210172261,1,29.7855922952294,-76.7408399149236
"Tallahatchie County, Mississippi","Mississippi",235,37,447.4,70,14588,36,28456,37.4,1,27.6,42.10842971,45.13002206,1.484056421,2,36.8435490177944,36.6377679612645
"Kent County, Maryland","Maryland",180,59,461.7,140,19787,46.2,53288,13.8,1,22,82.2868042,15.37920996,0.968729609,2,70.3320909989998,-4.38242095259609
"Marshall County, Illinois","Illinois",164.3,32,490.6,88,11982,45.9,53732,10.7,1,16.5,96.71403927,0.599687834,0.361455681,1,31.1091982992366,74.0212874906754
"King William County, Virginia","Virginia",187.4,32,514.8,90,16269,40.7,64305,8.8,1,13.5,76.52357582,19.54401441,0.869727278,1,22.8967300849035,50.8961220921154
"Haywood County, Tennessee","Tennessee",183.7,41,457.4,99,18023,39.9,35470,24.7,1,26.4,46.15848312,49.34239369,0,1,8.6066717049107,-3.07435759053782
"Jeff Davis County, Georgia","Georgia",171.6,29,411.6,68,14920,36.1,35235,24.8,1,28.3,76.05070047,16.27084723,0,2,53.0094674089924,45.7694201527672
"Elk County, Kansas","Kansas",215.9,12,453.5494221,1962.667684,2605,50.4,36471,17.4,1,20.3,94.37197167,0.782705926,0.409988818,3,11.9295588228852,11.9263942817207
"Manitowoc County, Wisconsin","Wisconsin",165.9,188,440.1,471,79806,44.2,48430,10.8,1,16.3,94.56911862,0.465717018,2.653966046,1,39.645042293705,67.452994438944
"Wabaunsee County, Kansas","Kansas",150.3,14,453.5494221,1962.667684,6951,42.1,59160,9.6,1,9.3,96.39845648,0.22866943,0.242961269,1,57.5495729921386,9.86558895470137
